,Scientific Names,CommonName,Region,Country,Average_Weight,Status,HomeRange_ha,Habitat_Forest,Habitat_Savanna,Habitat_Shrubland,Habitat_Grassland,Habitat_Wetlands,Habitat_Rocky_areas,Habitat_Desert,Home_Range_log,AverageWeight_log,Locomotion_BOTH,Locomotion_T,DielActivity_D,DielActivity_N,TrophicGuild_Folivore,TrophicGuild_Frugivore,TrophicGuild_Gummivore,TrophicGuild_Insectivore,TrophicGuild_Omnivore
0,Hylobatidae Hylobates,Agile Gibbon,South East Asia,Indonesia,6.0,3,29.0,1.0,0.0,0.0,0.0,0.0,0.0,0.0,3.367295829986474,1.791759469228055,0,0,1,0,0,1,0,0,0
1,Cercopithecidae Cercocebus,Agile Mangabey,North West Africa,CÃ´te dÂIvoire,7.58,0,303.0,1.0,0.0,0.0,0.0,0.0,0.0,0.0,5.713732805509369,2.0255131996542803,1,0,1,0,0,1,0,0,0
2,Atelidae Alouatta,Amazon Black Howler,South America,Brazil,6.45,0,25.0,1.0,1.0,0.0,0.0,0.0,0.0,0.0,3.2188758248682006,1.864080130807681,0,0,1,0,0,0,0,0,0
3,Aotidae Aotus,Andean Night Monkey,South America,Brazil,0.8,2,1.23,1.0,0.0,0.0,0.0,0.0,0.0,0.0,0.20701416938432612,-0.2231435513142097,0,0,0,1,0,0,0,0,1
4,Lepilemuridae Lepilemur,Andohahela Sportive Lemur,Madagascar,Madagascar,0.89,4,5.16,1.0,0.0,0.0,0.0,0.0,0.0,0.0,1.6409365794934714,-0.11653381625595151,0,0,0,1,1,0,0,0,0
5,Cercopithecidae Colobus,Angolan Colobus,Central Africa,Rwanda,8.6,0,371.0,1.0,0.0,0.0,0.0,0.0,0.0,0.0,5.916202062607435,2.151762203259462,0,0,1,0,1,0,0,0,0
6,Lepilemuridae Lepilemur,Ankarana Sportive Lemur,Madagascar,Madagascar,0.77,3,1.0,1.0,0.0,0.0,0.0,0.0,0.0,0.0,0.0,-0.2613647641344075,0,0,0,1,0,0,0,0,0
7,Cercopithecidae Macaca,Arunachal Macaque,South East Asia,India,15.0,3,26.0,1.0,0.0,0.0,0.0,0.0,0.0,0.0,3.258096538021482,2.70805020110221,1,0,1,0,1,0,0,0,0
8,Cercopithecidae Piliocolobus,Ashy Red Colobus,Central Africa,Uganda,8.75,3,308.5,1.0,0.0,0.0,0.0,0.0,0.0,0.0,5.731721843345443,2.169053700369523,0,0,1,0,1,0,0,0,0
9,Cercopithecidae Macaca,Assamese Macaque,South East Asia,Thailand,9.0,1,433.5,1.0,0.0,0.0,0.0,0.0,0.0,0.0,6.071891796220597,2.1972245773362196,0,0,1,0,0,1,0,0,0
10,Daubentoniidae Daubentonia,Aye aye,Madagascar,Madagascar,2.56,3,102.95,1.0,0.0,1.0,0.0,0.0,0.0,0.0,4.634243433473799,0.9400072584914712,0,0,0,1,0,0,0,1,0
11,Aotidae Aotus,Azara s Night Monkey,South America,Colombia,1.21,0,7.0,1.0,1.0,0.0,0.0,0.0,0.0,0.0,1.9459101490553132,0.1906203596086497,0,0,0,0,0,0,0,0,1
12,Pitheciidae Cacajao,Bald Uacari,South America,Brazil,3.17,2,493.0,1.0,0.0,0.0,0.0,0.0,0.0,0.0,6.20050917404269,1.1537315878891892,0,0,1,0,0,1,0,0,0
13,Cercopithecidae Chlorocebus,Bale Monkey,East Africa,Ethiopia,3.98,2,15.2,1.0,0.0,0.0,0.0,0.0,0.0,0.0,2.7212954278522306,1.3812818192963463,1,0,1,0,1,0,0,0,0
14,Cercopithecidae Presbytis,Banded Langur,South East Asia,Indonesia,6.22,1,24.85,1.0,0.0,0.0,1.0,1.0,0.0,0.0,3.2128577525426376,1.827769906751088,0,0,1,0,0,0,0,0,0
15,Cercopithecidae Macaca,Barbary Macaque,North Africa,Morocco,13.5,3,725.0,1.0,0.0,1.0,0.0,0.0,1.0,0.0,6.586171654854675,2.6026896854443837,1,0,1,0,0,0,0,0,1
16,Cebidae Sapajus,Bearded Capuchin,South America,Brazil,2.54,0,300.0,1.0,1.0,0.0,0.0,0.0,0.0,0.0,5.703782474656201,0.9321640810304452,0,0,1,0,0,0,0,0,1
17,Indriidae Avahi,Bemaraha Woolly Lemur,Madagascar,Madagascar,1.03,3,2.0,1.0,0.0,0.0,0.0,0.0,0.0,0.0,0.6931471805599453,0.02955880224154443,0,0,0,1,1,0,0,0,0
18,Cercopithecidae Semnopithecus,Bengal Sacred Langur,South East Asia,India,11.44,0,82.5,1.0,1.0,1.0,0.0,0.0,0.0,0.0,4.412798293340635,2.437115985951652,0,1,1,0,0,0,0,0,0
19,Lorisidae Nycticebus,Bengal Slow Loris,South East Asia,India,1.26,2,15.6,1.0,0.0,0.0,0.0,0.0,0.0,0.0,2.747270914255491,0.23111172096338664,0,0,0,1,0,0,1,0,0
20,Galagidae Sciurocheirus,Bioko Squirrel Galago,West Africa,Angola,0.27,3,2.35,1.0,0.0,0.0,0.0,0.0,0.0,0.0,0.8544153281560676,-1.3093333199837622,0,0,0,1,0,1,0,0,0
21,Pitheciidae Chiropotes,Black Bearded Saki,Central America,Surinam,3.03,4,58.0,1.0,0.0,0.0,0.0,0.0,0.0,0.0,4.060443010546419,1.1085626195212777,0,0,1,0,0,1,0,0,0
22,Cercopithecidae Colobus,Black Colobus,North West Africa,Cameroon,8.91,2,573.0,1.0,0.0,0.0,0.0,0.0,0.0,0.0,6.35088571671474,2.187174241482718,0,0,1,0,0,1,0,0,0
23,Lemuridae Eulemur,Black Lemur,Madagascar,Madagascar,2.063333333333333,2,19.1,1.0,0.0,0.0,0.0,0.0,0.0,0.0,2.9496883350525844,0.7243227980283949,0,0,0,0,0,1,0,0,0
24,Callitrichidae Leontopithecus,Black Lion Tamarin,South America,Brazil,0.615,3,138.0,1.0,0.0,0.0,0.0,0.0,0.0,0.0,4.927253685157205,-0.4861330111756192,0,0,1,0,0,1,0,0,0
25,Atelidae Ateles,Black Spider Monkey,South America,Bolivia,9.37,3,192.0,1.0,0.0,0.0,0.0,0.0,0.0,0.0,5.2574953720277815,2.2375130962503307,0,0,1,0,0,1,0,0,0
26,Lemuridae Varecia,Black and white Ruffed Lemur,Madagascar,Madagascar,3.58,4,116.67,1.0,0.0,0.0,0.0,0.0,0.0,0.0,4.759349436835766,1.275362800412609,0,0,1,0,0,1,0,0,0
27,Cebidae Saimiri,Black capped Squirrel Monkey,South America,Brazil,0.88,0,375.0,1.0,0.0,0.0,0.0,0.0,0.0,0.0,5.926926025970411,-0.12783337150988489,0,0,1,0,0,0,0,0,1
28,Cercopithecidae Presbytis,Black crested Sumatran Langur,South East Asia,Indonesia,6.53,3,22.0,1.0,0.0,1.0,0.0,0.0,0.0,0.0,3.091042453358316,1.8764069432883397,0,0,1,0,0,0,0,0,0
29,Callitrichidae Leontopithecus,Black faced Lion Tamarin,South America,Peru,0.58,4,345.0,1.0,0.0,0.0,0.0,0.0,0.0,0.0,5.84354441703136,-0.5447271754416722,0,0,1,0,0,1,0,0,0
30,Aotidae Aotus,Black headed Night Monkey,South America,Brazil,0.96,0,10.5,1.0,0.0,0.0,0.0,0.0,0.0,0.0,2.3513752571634776,-0.040821994520255166,0,0,0,1,0,1,0,0,0
31,Cebidae Saimiri,Black headed Squirrel Monkey,South America,Guiana,0.8,2,80.0,1.0,0.0,0.0,0.0,0.0,0.0,0.0,4.382026634673881,-0.2231435513142097,0,0,1,0,0,0,0,0,1
32,Cebidae Sapajus,Black horned Capuchin,South America,Brazil,3.7,1,161.0,1.0,0.0,0.0,0.0,0.0,0.0,0.0,5.081404364984463,1.308332819650179,0,0,1,0,0,0,0,0,1
33,Callitrichidae Leontocebus,Black mantled tamarin,Central America,Ecuador,0.48,0,49.0,1.0,0.0,0.0,0.0,1.0,0.0,0.0,3.8918202981106265,-0.7339691750802004,0,0,1,0,0,0,0,0,1
34,Cercopithecidae Pygathrix,Black shanked Douc,South East Asia,Vietnam,9.88,3,30.0,1.0,0.0,0.0,0.0,0.0,0.0,0.0,3.4011973816621555,2.2905125117597764,0,0,1,0,0,0,0,0,0
35,Callitrichidae Mico,Black tailed Marmoset,South America,Brazil,0.22,0,429.5,1.0,1.0,0.0,0.0,0.0,0.0,0.0,6.06262174142431,-1.5141277326297755,0,0,1,0,0,0,0,0,1
36,Callitrichidae Callithrix,Black tufted ear Marmoset,South America,Brazil,0.33,0,12.8,1.0,1.0,0.0,0.0,0.0,0.0,0.0,2.5494451709255714,-1.1086626245216111,0,0,1,0,0,0,1,0,0
37,Cebidae Sapajus,Blond Capuchin,South America,Brazil,2.55,4,51.0,1.0,0.0,0.0,0.0,0.0,0.0,0.0,3.9318256327243257,0.9360933591703348,0,0,1,0,0,0,0,0,1
38,Pitheciidae Callicebus,Blond Titi,South America,Brazil,1.15,4,50.0,0.0,1.0,1.0,0.0,0.0,0.0,0.0,3.912023005428146,0.13976194237515863,0,0,1,0,0,0,1,0,0
39,Cercopithecidae Cercopithecus,Blue Monkey,South Africa,South Africa,4.89,0,175.0,1.0,0.0,0.0,0.0,0.0,0.0,0.0,5.1647859739235145,1.5871923034867805,0,0,1,0,0,1,0,0,0
40,Lemuridae Eulemur,Blue eyed Black Lemur,Madagascar,Madagascar,1.82,4,5.28,1.0,0.0,0.0,0.0,0.0,0.0,0.0,1.6639260977181702,0.598836501088704,0,0,0,0,0,0,0,0,0
41,Cercopithecidae Macaca,Bonnet Macaque,South East Asia,Indonesia,5.14,0,26.0,1.0,1.0,1.0,0.0,0.0,0.0,0.0,3.258096538021482,1.6370530794670737,1,0,1,0,0,1,0,0,0
42,Hominidae Pan,Bonobo,West Africa,Congo,39.1,3,4000.0,1.0,0.0,0.0,0.0,0.0,0.0,0.0,8.294049640102028,3.66612246699132,1,0,1,0,0,0,0,0,1
43,Cercopithecidae Macaca,Booted Macaque,South East Asia,Indonesia,3.95,2,57.0,1.0,0.0,0.0,0.0,0.0,0.0,0.0,4.04305126783455,1.3737155789130306,1,0,1,0,0,1,0,0,0
44,Hominidae Pongo,Bornean Orangutan,South East Asia,Borneo,57.15,4,409.5,1.0,0.0,0.0,0.0,0.0,0.0,0.0,6.014936903293124,4.04567939024082,0,0,1,0,0,1,0,0,0
45,Hylobatidae Hylobates,Bornean White bearded Gibbon,South East Asia,Borneo,5.95,3,53.0,1.0,0.0,0.0,0.0,0.0,0.0,0.0,3.970291913552122,1.7833912195575383,0,0,1,0,0,1,0,0,0
46,Atelidae Alouatta,Brown Howler,South America,Brazil,5.54,0,26.0,1.0,0.0,0.0,0.0,0.0,0.0,0.0,3.258096538021482,1.7119945007591924,0,0,1,0,0,0,0,0,0
47,Lemuridae Eulemur,Brown Lemur,Madagascar,Madagascar,2.05,1,16.2,1.0,0.0,0.0,0.0,0.0,0.0,0.0,2.785011242238338,0.7178397931503168,0,0,0,0,0,0,0,0,0
48,Pitheciidae Plecturocebus,Brown Titi,South America,Peru,0.83,0,3.9,1.0,0.0,0.0,0.0,0.0,0.0,0.0,1.3609765531356006,-0.18632957819149348,0,0,1,0,0,1,0,0,0
49,Aotidae Aotus,Brumback s Night Monkey,South America,Colombia,0.67,2,17.5,1.0,1.0,0.0,0.0,0.0,0.0,0.0,2.8622008809294686,-0.40047756659712525,0,0,0,1,0,0,0,0,1
50,Pitheciidae Pithecia,Buffy Saki,South America,Brazil,3.0,0,172.4,1.0,0.0,0.0,0.0,0.0,0.0,0.0,5.149817358229593,1.0986122886681098,0,0,1,0,0,1,0,0,0
51,Callitrichidae Callithrix,Buffy headed Marmoset,South America,Brazil,0.43,3,35.5,1.0,0.0,0.0,0.0,0.0,0.0,0.0,3.56953269648137,-0.843970070294529,0,0,1,0,0,0,1,0,0
52,Callitrichidae Callithrix,Buffy tufted ear Marmoset,South America,Brazil,0.44,2,11.0,1.0,0.0,0.0,0.0,0.0,0.0,0.0,2.3978952727983707,-0.8209805520698302,0,0,1,0,0,0,0,0,1
53,Lorisidae Arctocebus,Calabar Angwantibo,West Africa,Congo,0.31,0,10.0,1.0,0.0,0.0,0.0,0.0,0.0,0.0,2.302585092994046,-1.171182981502945,0,0,0,1,0,0,0,1,0
54,Cercopithecidae Cercopithecus,Campbell s Monkey,North West Africa,CÃ´te dÂIvoire,3.6,0,72.375,1.0,1.0,0.0,0.0,0.0,0.0,0.0,4.281860935893159,1.2809338454620642,0,0,1,0,0,0,0,0,1
55,Cercopithecidae Trachypithecus,Capped Langur,South East Asia,Bangladesh,10.93,2,18.0,1.0,0.0,0.0,0.0,0.0,0.0,0.0,2.8903717578961645,2.391511302188447,0,0,1,0,1,0,0,0,0
56,Cercopithecidae Trachypithecus,Cat Ba Langur,South East Asia,Vietnam,8.05,4,30.0,1.0,0.0,1.0,0.0,0.0,0.0,0.0,3.4011973816621555,2.0856720914304723,1,0,1,0,1,0,0,0,0
57,Atelidae Alouatta,Central American Black Howler,Central America,Belize,6.56,3,16.86,1.0,0.0,0.0,0.0,0.0,0.0,0.0,2.8249439525737094,1.8809906029559975,0,0,1,0,0,0,0,0,0
58,Atelidae Ateles,Central American Spider Monkey,Central America,Ecuador,7.54,3,388.09714285714284,1.0,0.0,0.0,0.0,0.0,0.0,0.0,5.961255676474901,2.020222182019865,0,0,1,0,0,1,0,0,0
59,Cebidae Saimiri,Central American Squirrel Monkey,Central America,Panama,0.79,2,176.0,1.0,0.0,0.0,0.0,0.0,0.0,0.0,5.170483995038151,-0.23572233352106983,0,0,1,0,0,0,0,0,1
60,Cercopithecidae Papio,Chacma Baboon,South Africa,Lesotho,22.3,0,500.0,1.0,1.0,1.0,1.0,0.0,1.0,1.0,6.214608098422191,3.104586678466073,0,1,1,0,0,0,0,0,1
61,Cercopithecidae Semnopithecus,Chamba Sacred Langur,South East Asia,India,20.15,3,305.0,1.0,0.0,0.0,0.0,0.0,0.0,0.0,5.720311776607412,3.0032042883926917,1,0,1,0,0,0,0,0,0
62,Hominidae Pan,Chimpanzee,North West Africa,Guinea,53.7,3,1846.7,1.0,1.0,0.0,0.0,0.0,0.0,0.0,7.521155541451827,3.983413001514819,1,0,1,0,0,0,0,0,1
63,Atelidae Alouatta,Colombian Red Howler,South America,Colombia,5.92,0,22.0,1.0,1.0,0.0,0.0,0.0,0.0,0.0,3.091042453358316,1.7783364488959144,0,0,1,0,0,0,0,0,0
64,Cebidae Cebus,Colombian White faced Capuchin,South America,Brazil,3.11,0,59.0,1.0,0.0,0.0,0.0,1.0,0.0,0.0,4.07753744390572,1.1346227261911428,0,0,1,0,0,0,0,0,1
65,Callitrichidae Callithrix,Common Marmoset,South America,Brazil,0.32,0,2.2,1.0,1.0,0.0,0.0,0.0,0.0,0.0,0.7884573603642703,-1.1394342831883648,0,0,1,0,0,0,1,0,0
66,Pitheciidae Plecturocebus,Coppery Titi,South America,Peru,1.07,0,25.0,1.0,0.0,0.0,0.0,0.0,0.0,0.0,3.2188758248682006,0.06765864847381486,0,0,1,0,0,1,0,0,0
67,Cheirogaleidae Mirza,Coquerel s Giant Mouse Lemur,Madagascar,Madagascar,0.31,3,2.5,1.0,0.0,0.0,0.0,0.0,0.0,0.0,0.9162907318741551,-1.171182981502945,0,0,0,1,0,0,0,0,1
68,Indriidae Propithecus,Coquerel s Sifaka,Madagascar,Madagascar,3.73,3,7.625,1.0,0.0,0.0,0.0,0.0,0.0,0.0,2.031432322493475,1.3164082336557241,0,0,1,0,0,0,0,0,0
69,Callitrichidae Saguinus,Cotton top Tamarin,South America,Brazil,0.41,4,13.9,1.0,0.0,0.0,0.0,0.0,0.0,0.0,2.631888840136646,-0.8915981192837836,0,0,1,0,0,0,0,0,1
70,Cebidae Sapajus,Crested Capuchin,South America,Brazil,3.05,3,110.5,1.0,0.0,0.0,0.0,0.0,0.0,0.0,4.705015520957808,1.1151415906193203,0,0,1,0,0,1,0,0,0
71,Cercopithecidae Macaca,Crested Macaque,South East Asia,Indonesia,7.68,4,216.0,1.0,0.0,0.0,0.0,0.0,0.0,0.0,5.375278407684165,2.038619547159581,0,1,1,0,0,1,0,0,0
72,Galagidae Sciurocheirus,Cross River Squirrel Galago,North West Africa,Cameroon,0.27,0,3.2,1.0,0.0,0.0,0.0,0.0,0.0,0.0,1.1631508098056809,-1.3093333199837622,0,0,0,1,0,0,0,1,0
73,Lemuridae Eulemur,Crowned Lemur,Madagascar,Madagascar,1.65,3,7.53,1.0,0.0,0.0,0.0,0.0,0.0,0.0,2.018895041811802,0.5007752879124892,0,0,0,0,0,1,0,0,0
74,Cercopithecidae Cercopithecus,Crowned Monkey,North West Africa,CÃ´te dÂIvoire,3.58,2,100.0,1.0,1.0,0.0,0.0,0.0,0.0,0.0,4.605170185988092,1.275362800412609,0,0,1,0,0,1,0,0,0
75,Indriidae Propithecus,Crowned Sifaka,Madagascar,Madagascar,3.9,3,1.35,1.0,0.0,0.0,0.0,0.0,0.0,0.0,0.30010459245033816,1.3609765531356006,0,0,1,0,1,0,0,0,0
76,Cercopithecidae Cercopithecus,De Brazza s Monkey,North West Africa,Benine,5.74,0,7.0,1.0,0.0,0.0,0.0,1.0,0.0,0.0,1.9459101490553132,1.747459210331475,1,0,1,0,0,1,0,0,0
77,Cercopithecidae Trachypithecus,Delacour s Langur,South East Asia,Vietnam,7.75,4,36.0,1.0,0.0,0.0,0.0,0.0,0.0,0.0,3.58351893845611,2.0476928433652555,1,0,1,0,1,0,0,0,0
78,Galagidae Galagoides,Demidoff s Dwarf Galago,East Africa,Kenya,0.06,0,1.6,1.0,0.0,0.0,0.0,0.0,0.0,0.0,0.47000362924573563,-2.8134107167600364,0,0,0,1,0,0,0,0,1
79,Indriidae Propithecus,Diademed Sifaka,Madagascar,Madagascar,6.13,4,37.5,1.0,0.0,0.0,0.0,0.0,0.0,0.0,3.624340932976365,1.81319474994812,0,0,1,0,0,0,0,0,0
80,Tarsiidae Tarsius,Dian s Tarsier,South East Asia,Indonesia,0.11199999999999999,2,1.39,1.0,0.0,0.0,0.0,0.0,0.0,0.0,0.3293037471426003,-2.1892564076870427,0,0,0,1,0,0,0,1,0
81,Cercopithecidae Cercopithecus,Diana Monkey,North West Africa,CÃ´te dÂIvoire,4.5,2,63.0,1.0,0.0,0.0,0.0,0.0,0.0,0.0,4.143134726391533,1.5040773967762742,0,0,1,0,0,1,0,0,0
82,Cercopithecidae Mandrillus,Drill,North West Africa,Cameroon,15.0,3,2750.0,1.0,1.0,0.0,0.0,0.0,1.0,0.0,7.919356190660617,2.70805020110221,1,0,1,0,0,0,0,0,1
83,Cercopithecidae Cercopithecus,Dryas Monkey,North West Africa,CÃ´te dÂIvoire,2.65,4,4.9,1.0,0.0,0.0,0.0,0.0,0.0,0.0,1.589235205116581,0.9745596399981308,1,0,1,0,0,1,0,0,0
84,Cercopithecidae Trachypithecus,Dusky Langur,South East Asia,Bangladesh,6.99,1,30.5,1.0,0.0,0.0,0.0,0.0,0.0,0.0,3.417726683613366,1.944480556245719,0,0,1,0,1,0,0,0,0
85,Hylobatidae Hylobates,East Bornean Gray Gibbon,South East Asia,Borneo,5.5,3,38.0,1.0,0.0,0.0,0.0,0.0,0.0,0.0,3.6375861597263857,1.7047480922384253,0,0,1,0,0,1,0,0,0
86,Hominidae Gorilla,Eastern Gorilla,West Africa,Congo,130.0,4,3060.0,1.0,0.0,0.0,0.0,0.0,0.0,0.0,8.026170194946426,4.867534450455582,1,0,1,0,0,0,0,0,0
87,Hylobatidae Hoolock,Eastern Hoolock Gibbon,East Asia,China,7.2,2,93.0,1.0,0.0,0.0,0.0,0.0,0.0,0.0,4.532599493153256,1.9740810260220096,0,0,1,0,0,1,0,0,0
88,Indriidae Avahi,Eastern Woolly Lemur,Madagascar,Madagascar,1.17,2,1.5,1.0,0.0,0.0,0.0,0.0,0.0,0.0,0.4054651081081644,0.1570037488096647,0,0,0,1,1,0,0,0,0
89,Cebidae Cebus,Ecuadorian White fronted Capuchin,South America,Brazil,2.19,4,288.0,1.0,0.0,1.0,0.0,0.0,0.0,0.0,5.662960480135946,0.7839015438284094,0,0,1,0,0,0,0,0,1
90,Callitrichidae Saguinus,Emperor Tamarin,South America,Colombia,0.47,0,30.0,1.0,0.0,0.0,0.0,0.0,0.0,0.0,3.4011973816621555,-0.7550225842780328,0,0,1,0,0,0,0,0,1
91,Cheirogaleidae Cheirogaleus,Fat tailed Dwarf Lemur,Madagascar,Madagascar,0.17666666666666667,0,1.56,1.0,0.0,0.0,0.0,0.0,0.0,0.0,0.44468582126144574,-1.7334905611040792,0,0,0,1,0,0,0,0,0
92,Cercopithecidae Trachypithecus,Francois s Langur,East Asia,China,7.52,3,64.5,1.0,0.0,0.0,0.0,0.0,0.0,0.0,4.1666652238017265,2.017566137961748,1,0,1,0,1,0,0,0,0
93,Galagidae Sciurocheirus,Gabon Squirrel Galago,West Africa,Gabon,0.26,0,30.0,1.0,0.0,0.0,0.0,0.0,0.0,0.0,3.4011973816621555,-1.3470736479666092,0,0,0,1,0,1,0,0,0
94,Cercopithecidae Theropithecus,Gelada,East Africa,Ethiopia,15.35,0,203.43,0.0,0.0,0.0,1.0,0.0,1.0,0.0,5.315321965363861,2.731115474033206,0,1,1,0,1,0,0,0,0
95,Callitrichidae Leontocebus,Geoffroy s Saddle back Tamarin,South America,Peru,0.36,0,40.0,1.0,0.0,0.0,0.0,0.0,0.0,0.0,3.6888794541139363,-1.0216512475319814,0,0,1,0,0,0,0,0,1
96,Callitrichidae Saguinus,Geoffroy s Tamarin,Central America,Panama,0.49,0,34.5,1.0,0.0,0.0,0.0,0.0,0.0,0.0,3.5409593240373143,-0.7133498878774648,0,0,1,0,0,0,0,0,1
97,Callitrichidae Callithrix,Geoffroy s Tufted ear Marmoset,South America,Brazil,0.24,0,23.3,1.0,1.0,0.0,0.0,0.0,0.0,0.0,3.1484533605716547,-1.4271163556401458,0,0,1,0,0,0,1,0,0
98,Cercopithecidae Trachypithecus,Germain s Langur,South East Asia,Thailand,8.83,3,17.0,1.0,0.0,0.0,0.0,0.0,0.0,0.0,2.833213344056216,2.178155014615869,0,0,1,0,1,0,0,0,0
99,Callitrichidae Callimico,Goeldi s Monkey*,South America,Bolivia,0.48,2,150.0,1.0,0.0,0.0,0.0,0.0,0.0,0.0,5.0106352940962555,-0.7339691750802004,0,0,1,0,0,0,0,0,1
100,Lemuridae Hapalemur,Golden Bamboo Lemur,Madagascar,Madagascar,1.45,4,26.0,1.0,0.0,0.0,0.0,1.0,0.0,0.0,3.258096538021482,0.371563556432483,0,0,1,0,1,0,0,0,0
101,Cercopithecidae Trachypithecus,Golden Langur,South East Asia,India,10.15,3,375.0,1.0,0.0,0.0,0.0,0.0,0.0,0.0,5.926926025970411,2.3174737054877963,0,0,1,0,1,0,0,0,0
102,Callitrichidae Leontopithecus,Golden Lion Tamarin,South America,Brazil,0.64,3,147.0,1.0,0.0,0.0,0.0,0.0,0.0,0.0,4.990432586778736,-0.4462871026284195,0,0,1,0,0,1,0,0,0
103,Cercopithecidae Rhinopithecus,Golden Snub nosed Monkey,East Asia,China,14.75,3,1830.0,1.0,0.0,0.0,0.0,0.0,0.0,0.0,7.512071245835466,2.691243082785829,1,0,1,0,1,0,0,0,0
104,Cebidae Saimiri,Golden backed Squirrel Monkey,South America,Brazil,0.86,1,50.0,1.0,0.0,0.0,0.0,0.0,0.0,0.0,3.912023005428146,-0.15082288973458366,0,0,1,0,0,0,0,0,1
105,Cheirogaleidae Microcebus,Golden brown Mouse Lemur,Madagascar,Madagascar,0.05,3,0.57,1.0,0.0,0.0,0.0,0.0,0.0,0.0,-0.5621189181535413,-2.995732273553991,0,0,0,1,0,0,0,0,1
106,Pitheciidae Pithecia,Golden faced Saki,South America,Brazil,1.9,0,103.0,0.0,0.0,0.0,0.0,0.0,0.0,0.0,4.634728988229636,0.6418538861723947,0,0,1,0,0,1,0,0,0
107,Callitrichidae Leontopithecus,Golden headed Lion Tamarin,South America,Peru,0.58,3,125.1,1.0,0.0,0.0,0.0,0.0,0.0,0.0,4.829113417472866,-0.5447271754416722,0,0,1,0,0,0,0,0,1
108,Callitrichidae Leontocebus,Golden mantled Saddle back Tamarin,South America,Peru,0.4,1,18.5,1.0,0.0,0.0,0.0,1.0,0.0,0.0,2.917770732084279,-0.916290731874155,0,0,1,0,0,0,0,0,1
109,Cheirogaleidae Microcebus,Goodman s Mouse Lemur,Madagascar,Madagascar,0.045,2,0.35,1.0,0.0,0.0,0.0,0.0,0.0,0.0,-1.0498221244986778,-3.101092789211817,0,0,0,1,0,0,0,0,1
110,Lemuridae Hapalemur,Gray Bamboo Lemur,Madagascar,Madagascar,0.8233333333333333,2,20.0,1.0,0.0,0.0,0.0,0.0,0.0,0.0,2.995732273553991,-0.19439413802822397,0,0,1,0,1,0,0,0,0
111,Cheirogaleidae Microcebus,Gray Mouse Lemur,Madagascar,Madagascar,0.06,0,1.75,1.0,0.0,1.0,0.0,0.0,0.0,0.0,0.5596157879354227,-2.8134107167600364,0,0,0,1,0,0,1,0,0
112,Lorisidae Loris,Gray Slender Loris,South East Asia,India,0.27,0,27.2,1.0,0.0,0.0,0.0,0.0,0.0,0.0,3.3032169733019514,-1.3093333199837622,1,0,0,1,0,0,0,1,0
113,Atelidae Lagothrix,Gray Woolly Monkey,South America,Brazil,8.31,3,1021.0,1.0,1.0,0.0,0.0,0.0,0.0,0.0,6.928537818164665,2.1174596088673567,0,0,1,0,0,1,0,0,0
114,Cheirogaleidae Microcebus,Gray brown Mouse Lemur,Madagascar,Madagascar,0.05,0,0.3,1.0,0.0,1.0,0.0,0.0,0.0,0.0,-1.2039728043259361,-2.995732273553991,0,0,0,1,0,0,0,0,1
115,Cercopithecidae Lophocebus,Gray cheeked Mangabey,Central Africa,Uganda,6.95,0,167.0,1.0,0.0,0.0,0.0,0.0,0.0,0.0,5.117993812416755,1.9387416595767009,0,0,1,0,0,1,0,0,0
116,Pitheciidae Pithecia,Gray s Bald faced Saki,South America,Colombia,2.16,0,35.9,1.0,0.0,0.0,0.0,1.0,0.0,0.0,3.580737295494233,0.7701082216960737,0,0,1,0,0,1,0,0,0
117,Lemuridae Prolemur,Greater Bamboo Lemur,Madagascar,Madagascar,2.24,4,40.37,1.0,0.0,0.0,0.0,0.0,0.0,0.0,3.6980869348648495,0.8064758658669485,0,0,0,0,1,0,0,0,0
118,Cheirogaleidae Cheirogaleus,Greater Dwarf Lemur,Madagascar,Madagascar,0.51,3,4.0,1.0,0.0,0.0,0.0,0.0,0.0,0.0,1.3862943611198906,-0.6733445532637656,0,0,0,1,0,0,0,0,0
119,Cercopithecidae Chlorocebus,Green Monkey,North West Africa,Senegal,4.3,0,160.5,1.0,1.0,0.0,0.0,0.0,0.0,0.0,5.07829394257007,1.4586150226995167,0,1,1,0,0,0,0,0,1
120,Cercopithecidae Pygathrix,Grey shanked Douc,South East Asia,Vietnam,9.98,4,984.0,1.0,0.0,0.0,0.0,0.0,0.0,0.0,6.891625897052253,2.300583090323373,0,0,1,0,1,0,0,0,0
121,Cercopithecidae Chlorocebus,Grivet Monkey,East Africa,Ethiopia,4.65,0,54.30400000000001,0.0,1.0,1.0,0.0,0.0,0.0,0.0,3.994597889051816,1.536867219599265,0,1,1,0,0,0,0,0,1
122,Cercopithecidae Colobus,Guereza,North West Africa,Cameroon,8.89,0,15.45,1.0,0.0,0.0,0.0,0.0,0.0,0.0,2.7376090033437546,2.1849270495258133,0,0,1,0,0,0,0,0,0
123,Pitheciidae Chiropotes,Guianan Beared Saki,South America,Brazil,3.0,5,507.0,1.0,1.0,0.0,0.0,0.0,0.0,0.0,6.2285110035911835,1.0986122886681098,0,0,1,0,0,1,0,0,0
124,Cebidae Sapajus,Guianan Brown Capuchin,South America,Venezuela,3.01,0,355.0,1.0,1.0,0.0,0.0,0.0,0.0,0.0,5.872117789475416,1.1019400787607843,0,0,1,0,0,0,0,0,1
125,Atelidae Alouatta,Guianan Red Howler,South America,Brazil,6.37,0,45.0,1.0,1.0,0.0,0.0,0.0,0.0,0.0,3.8066624897703196,1.851599469584072,0,0,1,0,1,0,0,0,0
126,Cebidae Saimiri,Guianan Squirrel Monkey,Central America,Surinam,0.82,0,87.0,1.0,0.0,0.0,0.0,0.0,0.0,0.0,4.465908118654584,-0.19845093872383832,0,0,1,0,0,1,0,0,0
127,Cebidae Cebus,Guianan Weeper Capuchin,South America,Colombia,2.88,0,257.0,1.0,0.0,0.0,0.0,0.0,0.0,0.0,5.54907608489522,1.0577902941478545,0,0,1,0,0,0,0,0,1
128,Cercopithecidae Papio,Guinea Baboon,North West Africa,Senegal,17.5,1,3250.0,1.0,1.0,0.0,1.0,0.0,0.0,0.0,8.086410275323782,2.8622008809294686,1,0,1,0,0,0,0,0,1
129,Cercopithecidae Rhinopithecus,Guizhou Snub nosed Monkey,East Asia,China,11.25,3,3450.0,1.0,0.0,0.0,0.0,0.0,0.0,0.0,8.146129510025405,2.4203681286504293,1,0,1,0,1,0,0,0,0
130,Hylobatidae Nomascus,Hainan Crested Gibbon,East Asia,China,6.59,4,781.0,1.0,0.0,0.0,0.0,0.0,0.0,0.0,6.660575149839686,1.8855533485144158,0,0,1,0,0,1,0,0,0
131,Cheirogaleidae Allocebus,Hairy eared Dwarf Lemur,Madagascar,Madagascar,0.08,2,25.75,1.0,0.0,0.0,0.0,0.0,0.0,0.0,3.248434627109745,-2.5257286443082556,0,0,0,1,0,0,0,0,1
132,Cercopithecidae Papio,Hamadryas Baboon,East Africa,Ethiopia,13.4,0,2800.0,0.0,0.0,1.0,1.0,0.0,1.0,0.0,7.937374696163295,2.5952547069568657,0,1,1,0,0,0,0,0,1
133,Cercopithecidae Trachypithecus,Hatinh Langur,South East Asia,Vietnam,7.275,3,225.0,1.0,0.0,0.0,0.0,0.0,1.0,0.0,5.41610040220442,1.9844438130575563,1,0,1,0,1,0,0,0,0
134,Cercopithecidae Macaca,Heck s Macaque,South East Asia,India,9.0,2,100.0,1.0,0.0,0.0,0.0,0.0,0.0,0.0,4.605170185988092,2.1972245773362196,0,0,1,0,0,0,0,0,1
135,Cercopithecidae Presbytis,Hose s Langur,South East Asia,Indonesia,5.9,2,40.0,1.0,0.0,0.0,0.0,0.0,0.0,0.0,3.6888794541139363,1.7749523509116738,0,0,1,0,1,0,0,0,0
136,Aotidae Aotus,Humboldt s Night Monkey,South America,Paraguay,0.77,0,4.0,1.0,0.0,0.0,0.0,0.0,0.0,0.0,1.3862943611198906,-0.2613647641344075,0,0,0,1,0,1,0,0,0
137,Cebidae Saimiri,Humboldt s Squirrel Monkey,South America,Brazil,0.88,0,170.0,1.0,1.0,1.0,0.0,1.0,0.0,0.0,5.135798437050262,-0.12783337150988489,0,0,1,0,0,0,0,0,1
138,Cebidae Cebus,Humboldt s White fronted Capuchin,South America,Brazil,2.74,0,115.0,1.0,0.0,0.0,0.0,1.0,0.0,0.0,4.74493212836325,1.007957920399979,1,0,1,0,0,0,0,0,1
139,Atelidae Lagothrix,Humboldt s Woolly Monkey,South America,Colombia,7.15,2,440.0,1.0,1.0,0.0,0.0,0.0,0.0,0.0,6.0867747269123065,1.9671123567059163,0,0,1,0,0,1,0,0,0
140,Callitrichidae Leontocebus,Illiger s Saddle back Tamarin,South America,Peru,0.29,0,16.1,1.0,0.0,0.0,0.0,0.0,0.0,0.0,2.7788192719904172,-1.2378743560016174,0,0,1,0,0,0,0,0,1
141,Cercopithecidae Trachypithecus,Indochinese Gray Langur,South East Asia,India,6.65,3,83.55,1.0,0.0,0.0,0.0,0.0,0.0,0.0,4.425445255041403,1.8946168546677629,0,0,1,0,1,0,0,0,0
142,Indriidae Indri,Indri,Madagascar,Madagascar,6.34,4,18.0,1.0,0.0,0.0,0.0,0.0,0.0,0.0,2.8903717578961645,1.8468787684491346,0,0,1,0,1,0,0,0,0
143,Cercopithecidae Macaca,Japanese Macaque,East Asia,Japan,9.5,0,23.95,1.0,0.0,0.0,0.0,0.0,0.0,0.0,3.175968323856924,2.2512917986064953,1,0,1,0,0,0,0,0,0
144,Cercopithecidae Presbytis,Javan Langur,South East Asia,Indonesia,6.7,3,26.0,1.0,0.0,0.0,0.0,0.0,0.0,0.0,3.258096538021482,1.9021075263969205,0,0,1,0,1,0,0,0,0
145,Lorisidae Nycticebus,Javan Slow Loris,South East Asia,Java,0.66,4,7.5,1.0,0.0,0.0,0.0,0.0,0.0,0.0,2.0149030205422647,-0.4155154439616658,0,0,0,1,0,0,1,0,0
146,Cebidae Cebus,Ka apor Capuchin,South America,Brazil,2.7,4,62.4,1.0,0.0,0.0,0.0,0.0,0.0,0.0,4.133565275375382,0.9932517730102834,0,0,1,0,0,0,0,0,1
147,Galagidae Galagoides,Kenya Coast Dwarf Galago,East Africa,Kenya,0.14,0,1.95,1.0,0.0,0.0,0.0,0.0,0.0,0.0,0.6678293725756554,-1.9661128563728327,0,0,0,1,0,0,0,0,1
148,Cercopithecidae Colobus,King Colobus,North West Africa,Cameroon,9.1,2,40.5,1.0,0.0,0.0,0.0,0.0,0.0,0.0,3.7013019741124933,2.2082744135228043,0,0,1,0,1,0,0,0,0
149,Cercopithecidae Rungwecebus,Kipunji,East Africa,Tanzania,10.0,4,306.2,1.0,0.0,0.0,0.0,0.0,0.0,0.0,5.7242384832235835,2.302585092994046,0,0,1,0,0,0,0,0,1
150,Hylobatidae Hylobates,Kloss s Gibbon,South East Asia,Indonesia,5.8,3,33.3,1.0,0.0,0.0,0.0,0.0,0.0,0.0,3.505557396986398,1.7578579175523736,0,0,1,0,0,1,0,0,0
151,Cercopithecidae Allochrocebus,L Hoest s Monkey,West Africa,Congo,5.0,2,116.6,1.0,0.0,1.0,0.0,1.0,0.0,0.0,4.758749273916392,1.6094379124341003,0,1,1,0,0,0,0,0,1
152,Lemuridae Hapalemur,Lac Alaotra Bamboo Lemur,Madagascar,Madagascar,1.24,4,2.0,0.0,0.0,0.0,0.0,1.0,0.0,0.0,0.6931471805599453,0.2151113796169455,0,0,0,0,1,0,0,0,0
153,Hylobatidae Hylobates,Lar Gibbon,South East Asia,Indonesia,5.64,3,55.0,1.0,0.0,0.0,0.0,0.0,0.0,0.0,4.007333185232471,1.7298840655099674,0,0,1,0,0,1,0,0,0
154,Cebidae Sapajus,Large headed Capuchin,South America,Brazil,3.05,0,65.0,1.0,0.0,0.0,0.0,0.0,0.0,0.0,4.174387269895637,1.1151415906193203,0,0,1,0,0,0,0,0,1
155,Aotidae Aotus,Lemurine Night Monkey,South America,Colombia,0.89,2,4.35,1.0,0.0,0.0,0.0,0.0,0.0,0.0,1.4701758451005926,-0.11653381625595151,0,0,0,1,0,0,0,0,1
156,Cercopithecidae Macaca,Lion tailed Macaque,South East Asia,India,7.5,3,125.0,1.0,0.0,0.0,0.0,0.0,0.0,0.0,4.8283137373023015,2.0149030205422647,0,0,1,0,0,1,0,0,0
157,Cercopithecidae Macaca,Long tailed Macaque,South East Asia,Indonesia,4.03,0,157.0,1.0,0.0,0.0,0.0,1.0,0.0,0.0,5.056245805348308,1.3937663759585917,1,0,1,0,0,1,0,0,0
158,Cercopithecidae Cercopithecus,Lowe s Monkey,West Africa,Congo,3.9,0,14.5,1.0,1.0,0.0,0.0,0.0,0.0,0.0,2.6741486494265287,1.3609765531356006,0,0,1,0,0,1,0,0,0
159,Aotidae Aotus,Ma s Night Monkey,South America,Brazil,0.79,2,9.2,1.0,0.0,0.0,0.0,0.0,0.0,0.0,2.2192034840549946,-0.23572233352106983,0,0,0,1,0,1,0,0,0
160,Cheirogaleidae Microcebus,Madame Berthe s Mouse Lemur,Madagascar,Madagascar,0.03,3,3.7,1.0,0.0,0.0,0.0,0.0,0.0,0.0,1.308332819650179,-3.506557897319982,0,0,0,1,0,0,0,0,1
161,Pitheciidae Plecturocebus,Madidi Titi,South America,Bolivia,0.95,0,21.0,1.0,0.0,0.0,0.0,0.0,0.0,0.0,3.044522437723423,-0.05129329438755058,0,0,1,0,0,1,0,0,0
162,Cercopithecidae Semnopithecus,Malabar Sacred Langur,South East Asia,India,13.1,2,12328.0,1.0,0.0,0.0,0.0,0.0,0.0,0.0,9.419628376999952,2.5726122302071057,1,0,1,0,1,0,0,0,0
163,Cercopithecidae Mandrillus,Mandrill,West Africa,Gabon,23.6,2,4000.0,1.0,0.0,0.0,0.0,0.0,0.0,0.0,8.294049640102028,3.1612467120315646,0,1,1,0,0,0,0,0,1
164,Atelidae Alouatta,Mantled Howler,South America,Brazil,6.12,0,40.45,1.0,0.0,0.0,0.0,0.0,0.0,0.0,3.700066643504501,1.8115620965242347,0,0,1,0,1,0,0,0,0
165,Cercopithecidae Presbytis,Maroon Langur,South East Asia,Malaysia,6.13,0,66.0,1.0,0.0,0.0,0.0,0.0,0.0,0.0,4.189654742026425,1.81319474994812,0,0,1,0,0,0,0,0,0
166,Callitrichidae Saguinus,Martin s Bare faced Tamarin,South America,Brazil,0.5,0,12.0,1.0,0.0,0.0,0.0,0.0,0.0,0.0,2.4849066497880004,-0.6931471805599453,0,0,1,0,0,1,0,0,0
167,Pitheciidae Callicebus,Masked Titi,South America,Brazil,1.32,2,11.5,1.0,0.0,0.0,0.0,0.0,0.0,0.0,2.4423470353692043,0.27763173659827955,0,0,1,0,0,1,0,0,0
168,Cercopithecidae Presbytis,Mentawai Langur,South East Asia,Indonesia,6.27,3,25.25,1.0,0.0,0.0,0.0,0.0,0.0,0.0,3.228826155721369,1.8357763546448294,0,0,1,0,0,0,0,0,0
169,Callitrichidae Saguinus,Midas Tamarin,South America,Guiana,0.56,0,36.5,1.0,1.0,0.0,0.0,0.0,0.0,0.0,3.597312260588446,-0.579818495252942,0,0,1,0,0,0,0,0,1
170,Lorisidae Perodicticus,Milne Edwards s Potto,North West Africa,Senegal,1.19,0,23.2,1.0,0.0,0.0,0.0,1.0,0.0,0.0,3.1441522786722644,0.17395330712343798,0,0,0,1,0,1,0,0,0
171,Indriidae Propithecus,Milne Edwards s Sifaka,Madagascar,Madagascar,5.74,3,145.0,1.0,0.0,0.0,0.0,0.0,0.0,0.0,4.976733742420574,1.747459210331475,0,0,1,0,0,0,0,0,0
172,Lepilemuridae Lepilemur,Milne Edwards s Sportive Lemur,Madagascar,Madagascar,0.93,3,1.09,1.0,0.0,0.0,0.0,0.0,0.0,0.0,0.08617769624105241,-0.07257069283483537,0,0,0,1,1,0,0,0,0
173,Cercopithecidae Piliocolobus,Miss Waldron s Red Colobus,North West Africa,CÃ´te dÂIvoire,5.9,4,120.0,1.0,0.0,0.0,0.0,0.0,0.0,0.0,4.787491742782046,1.7749523509116738,0,0,1,0,1,0,0,0,0
174,Cercopithecidae Presbytis,Mitered Langur,South East Asia,Indonesia,5.8,3,21.75,1.0,0.0,1.0,0.0,0.0,0.0,0.0,3.079613757534693,1.7578579175523736,0,0,1,0,0,0,0,0,0
175,Lepilemuridae Lepilemur,Mittermeier s Sportive Lemur,Madagascar,Madagascar,0.86,3,3.6,1.0,0.0,0.0,0.0,0.0,0.0,0.0,1.2809338454620642,-0.15082288973458366,0,0,0,1,1,0,0,0,0
176,Hylobatidae Hylobates,Moloch Gibbon,South East Asia,Indonesia,6.42,3,17.0,1.0,0.0,0.0,0.0,0.0,0.0,0.0,2.833213344056216,1.8594181177018698,0,0,1,0,0,1,0,0,0
177,Cercopithecidae Cercopithecus,Mona Monkey,North West Africa,Benine,4.05,0,3.0,1.0,0.0,0.0,0.0,0.0,0.0,0.0,1.0986122886681098,1.3987168811184478,0,0,1,0,0,1,0,0,0
178,Lemuridae Eulemur,Mongoose Lemur,Madagascar,Madagascar,1.48,4,2.85,1.0,0.0,0.0,0.0,0.0,0.0,0.0,1.0473189942805592,0.3920420877760237,0,0,0,0,0,0,0,0,0
179,Cercopithecidae Macaca,Moor Macaque,South East Asia,India,7.88,3,20.0,1.0,0.0,0.0,1.0,0.0,0.0,0.0,2.995732273553991,2.064327903869788,1,0,1,0,0,1,0,0,0
180,Callitrichidae Saguinus,Mottled face Tamarin,South America,Colombia,0.69,0,35.0,1.0,0.0,0.0,0.0,0.0,0.0,0.0,3.5553480614894135,-0.37106368139083207,0,0,1,0,0,1,0,0,0
181,Cercopithecidae Cercopithecus,Moustached Monkey,North West Africa,CÃ´te dÂIvoire,3.48,0,44.5,1.0,0.0,0.0,0.0,0.0,0.0,0.0,3.7954891891721947,1.247032293786383,0,0,1,0,0,1,0,0,0
182,Galagidae Galagoides,Mozambique Dwarf Galago,South Africa,Mozambique,0.134,0,2.5,1.0,0.0,0.0,0.0,0.0,0.0,0.0,0.9162907318741551,-2.0099154790312257,0,0,0,1,0,0,0,0,1
183,Callitrichidae Saguinus,Mustached Tamarin,South America,Peru,0.53,0,40.0,1.0,0.0,0.0,0.0,0.0,0.0,0.0,3.6888794541139363,-0.6348782724359695,0,0,1,0,0,0,0,0,1
184,Cercopithecidae Semnopithecus,Nepal Sacred Langur,South East Asia,Bangladesh,17.0,0,6987.0,1.0,0.0,1.0,0.0,0.0,1.0,0.0,8.85180655855245,2.833213344056216,1,0,1,0,0,0,0,0,0
185,Cercopithecidae Semnopithecus,Nilgiri Langur,East Asia,China,11.6,2,4.83,1.0,0.0,0.0,0.0,0.0,0.0,0.0,1.5748464676644813,2.451005098112319,0,0,1,0,0,0,0,0,0
186,Lemuridae Hapalemur,Northern Bamboo Lemur,Madagascar,Madagascar,1.013,2,26.0,1.0,0.0,0.0,0.0,0.0,0.0,0.0,3.258096538021482,0.01291622526654623,0,0,0,0,0,0,0,0,0
187,Cercopithecidae Lophocebus,Northern Black Crested Mangabey,West Africa,Congo,6.8,1,59.0,1.0,0.0,0.0,0.0,0.0,0.0,0.0,4.07753744390572,1.916922612182061,0,0,1,0,0,1,0,0,0
188,Cheirogaleidae Mirza,Northern Giant Mouse Lemur,Madagascar,Madagascar,0.29,3,1.66,1.0,0.0,0.0,0.0,0.0,0.0,0.0,0.5068176023684519,-1.2378743560016174,0,0,0,1,0,0,0,0,1
189,Galagidae Galago,Northern Lesser Galago,West Africa,Congo,0.25,0,6.5,1.0,1.0,0.0,0.0,0.0,0.0,0.0,1.8718021769015913,-1.3862943611198906,0,0,0,1,0,0,0,0,1
190,Atelidae Brachyteles,Northern Muriqui,South America,Brazil,9.0,4,309.0,1.0,0.0,0.0,0.0,0.0,0.0,0.0,5.733341276897746,2.1972245773362196,0,0,1,0,0,0,0,0,0
191,Galagidae Euoticus,Northern Needle clawed Galago,North West Africa,Nigeria,0.253,0,2.5,1.0,0.0,0.0,0.0,0.0,0.0,0.0,0.9162907318741551,-1.374365790254617,0,0,0,1,0,0,1,0,0
192,Cercopithecidae Macaca,Northern Pig tailed Macaque,South East Asia,India,6.7,2,215.0,1.0,0.0,0.0,0.0,0.0,0.0,0.0,5.3706380281276624,1.9021075263969205,1,0,1,0,0,1,0,0,0
193,Cercopithecidae Miopithecus,Northern Talapoin Monkey,West Africa,Gabon,1.25,0,300.0,1.0,0.0,0.0,0.0,0.0,0.0,0.0,5.703782474656201,0.22314355131420976,1,0,1,0,0,1,0,0,0
194,Hylobatidae Nomascus,Northern White cheeked Crested Gibbon,South East Asia,Laos,6.5,4,87.5,1.0,0.0,0.0,0.0,0.0,0.0,0.0,4.471638793363569,1.8718021769015913,0,0,1,0,0,0,0,0,0
195,Hylobatidae Nomascus,Northern Yellow cheeked Crested Gibbon,South East Asia,Laos,7.0,5,50.0,1.0,0.0,0.0,0.0,0.0,0.0,0.0,3.912023005428146,1.9459101490553132,0,0,1,0,0,1,0,0,0
196,Pitheciidae Plecturocebus,Olalla s Titi,South America,Bolivia,0.8,3,10.0,1.0,1.0,1.0,0.0,1.0,0.0,0.0,2.302585092994046,-0.2231435513142097,0,0,1,0,0,0,0,0,0
197,Cercopithecidae Papio,Olive Baboon,Central Africa,Uganda,16.65,0,1968.0,1.0,1.0,1.0,1.0,0.0,0.0,0.0,7.584773077612199,2.8124102164264526,1,0,1,0,0,0,0,0,1
198,Cercopithecidae Procolobus,Olive Colobus,North West Africa,CÃ´te dÂIvoire,4.45,1,31.0,1.0,0.0,0.0,0.0,0.0,0.0,0.0,3.4339872044851463,1.4929040961781488,0,0,1,0,1,0,0,0,0
199,Pitheciidae Plecturocebus,Ornate Titi,South America,Bolivia,1.17,2,15.93,1.0,0.0,0.0,0.0,0.0,0.0,0.0,2.768204123921957,0.1570037488096647,0,0,1,0,0,1,0,0,0
200,Cheirogaleidae Phaner,Pale Fork marked Lemur,Madagascar,Madagascar,0.34,3,6.5,1.0,0.0,0.0,0.0,0.0,0.0,0.0,1.8718021769015913,-1.0788096613719298,0,0,0,1,0,0,1,0,0
201,Pitheciidae Plecturocebus,Pale Titi,South America,Bolivia,0.8,0,20.0,1.0,0.0,1.0,0.0,1.0,0.0,0.0,2.995732273553991,-0.2231435513142097,0,0,1,0,0,0,0,0,1
202,Cercopithecidae Presbytis,Pale thighed Langur,South East Asia,Malaysia,7.65,1,24.0,1.0,0.0,0.0,0.0,0.0,0.0,0.0,3.1780538303479458,2.0347056478384444,0,0,1,0,0,0,0,0,0
203,Aotidae Aotus,Panamanian Night Monkey,South America,Peru,0.9,3,8.0,1.0,0.0,0.0,0.0,0.0,0.0,0.0,2.0794415416798357,-0.10536051565782628,0,0,0,1,0,1,0,0,0
204,Cebidae Cebus,Panamanian White faced Capuchin,South America,Colombia,3.22,0,134.4,1.0,0.0,0.0,0.0,0.0,0.0,0.0,4.900820428089049,1.169381359556317,0,0,1,0,0,0,0,0,1
205,Atelidae Alouatta,Paraguayan Howler,South America,Brazil,5.38,0,1.95,1.0,1.0,0.0,0.0,0.0,0.0,0.0,0.6678293725756554,1.682688374173693,0,0,1,0,0,0,0,0,0
206,Cercopithecidae Erythrocebus,Patas Monkey,East Africa,Kenya,9.45,0,2851.0,1.0,1.0,1.0,1.0,0.0,0.0,0.0,7.955425088912672,2.2460147415056513,0,1,1,0,0,0,0,0,1
207,Tarsiidae Tarsius,Peleng Tarsier,South East Asia,Indonesia,0.16,3,1.0,1.0,0.0,0.0,0.0,0.0,0.0,0.0,0.0,-1.8325814637483102,0,0,0,1,0,0,0,1,0
208,Cercopithecidae Piliocolobus,Pennant s Red Colobus,West Africa,Congo,7.4,3,73.0,1.0,0.0,0.0,0.0,0.0,0.0,0.0,4.290459441148391,2.0014800002101243,0,0,1,0,0,0,0,0,0
209,Indriidae Propithecus,Perrier s Sifaka,Madagascar,Madagascar,4.33,4,30.0,1.0,0.0,0.0,0.0,0.0,0.0,0.0,3.4011973816621555,1.4655675420143985,0,0,1,0,0,0,0,0,0
210,Atelidae Lagothrix,Peruvian Yellow tailed Woolly Monkey,South America,Peru,7.25,4,114.5,1.0,0.0,0.0,0.0,0.0,0.0,0.0,4.740574822994295,1.9810014688665833,0,0,1,0,0,1,0,0,0
211,Lepilemuridae Lepilemur,Petter s Sportive Lemur,Madagascar,Madagascar,0.62,2,0.3,1.0,0.0,0.0,0.0,0.0,0.0,0.0,-1.2039728043259361,-0.4780358009429998,0,0,0,1,1,0,0,0,0
212,Indriidae Avahi,Peyrieras s Woolly Lemur,Madagascar,Madagascar,1.08,2,1.0,1.0,0.0,0.0,0.0,0.0,0.0,0.0,0.0,0.0769610411361284,0,0,0,1,1,0,0,0,0
213,Cercopithecidae Trachypithecus,Phayre s Langur,South East Asia,India,7.44,3,82.37,1.0,1.0,0.0,0.0,0.0,0.0,0.0,4.411221292953157,2.0068708488450007,0,0,1,0,1,0,0,0,0
214,Lorisidae Nycticebus,Philippine Slow Loris,South East Asia,Philipines,0.285,2,4.76,1.0,0.0,0.0,0.0,0.0,0.0,0.0,1.5602476682433286,-1.2552660987134867,0,0,0,1,0,0,0,0,1
215,Tarsiidae Carlito,Philippine Tarsier,South America,Brazil,0.13,1,4.4030000000000005,1.0,0.0,0.0,0.0,0.0,0.0,0.0,1.482286126773617,-2.0402208285265546,0,0,0,1,0,0,0,1,0
216,Callitrichidae Saguinus,Pied Tamarin,South America,Brazil,0.43,3,12.0,1.0,0.0,0.0,0.0,0.0,0.0,0.0,2.4849066497880004,-0.843970070294529,0,0,1,0,0,1,0,0,0
217,Cercopithecidae Simias,Pig tailed Langur,South East Asia,Indonesia,7.97,4,7.1,1.0,0.0,0.0,0.0,0.0,0.0,0.0,1.9600947840472698,2.075684492802124,1,0,1,0,1,0,0,0,0
218,Hylobatidae Hylobates,Pileated Gibbon,South East Asia,Indonesia,5.47,3,36.0,1.0,0.0,0.0,0.0,0.0,0.0,0.0,3.58351893845611,1.6992786164338898,0,0,1,0,0,1,0,0,0
219,Atelidae Lagothrix,Poeppig s Woolly Monkey,Central America,Ecuador,7.25,2,116.0,1.0,0.0,0.0,0.0,0.0,0.0,0.0,4.7535901911063645,1.9810014688665833,0,0,1,0,0,1,0,0,0
220,Cercopithecidae Piliocolobus,Preuss s Red Colobus,North West Africa,Cameroon,8.3,4,100.0,1.0,0.0,0.0,0.0,0.0,0.0,0.0,4.605170185988092,2.1162555148025524,0,0,1,0,1,0,0,0,0
221,Cercopithecidae Nasalis,Proboscis Monkey,South East Asia,Indonesia,15.75,3,900.0,1.0,0.0,0.0,0.0,0.0,0.0,0.0,6.802394763324311,2.7568403652716422,0,0,1,0,0,0,0,0,0
222,Cercopithecidae Semnopithecus,Purple faced Langur,South East Asia,India,7.03,3,5.375,1.0,0.0,0.0,0.0,0.0,1.0,0.0,1.6817585740137264,1.9501867058225735,0,0,1,0,0,1,0,0,0
223,Cercopithecidae Cercopithecus,Putty nosed Monkey,North West Africa,Benine,5.46,0,80.25,1.0,0.0,0.0,0.0,1.0,0.0,0.0,4.385146762010125,1.6974487897568136,0,0,1,0,0,1,0,0,0
224,Callitrichidae Cebuella,Pygmy Marmoset,Central America,Ecuador,0.12,0,0.34,1.0,0.0,0.0,0.0,0.0,0.0,0.0,-1.0788096613719298,-2.120263536200091,0,0,1,0,0,0,0,0,1
225,Lorisidae Nycticebus,Pygmy Slow Loris,South East Asia,Borneo,0.42,2,17.0,1.0,0.0,0.0,0.0,0.0,0.0,0.0,2.833213344056216,-0.8675005677047231,0,0,0,1,0,0,1,0,0
226,Lemuridae Varecia,Red Ruffed Lemur,Madagascar,Madagascar,3.51,4,24.55,1.0,0.0,0.0,0.0,0.0,0.0,0.0,3.2007118542405295,1.2556160374777743,0,0,1,0,0,1,0,0,0
227,Lorisidae Loris,Red Slender Loris,South East Asia,Sri Lanka,0.19,3,5.0,1.0,0.0,0.0,0.0,0.0,0.0,0.0,1.6094379124341003,-1.6607312068216509,0,0,0,1,0,0,0,1,0
228,Lemuridae Eulemur,Red bellied Lemur,Madagascar,Madagascar,2.015,2,19.0,1.0,0.0,0.0,0.0,0.0,0.0,0.0,2.9444389791664403,0.7006191953986464,0,0,0,0,0,1,0,0,0
229,Callitrichidae Saguinus,Red bellied Tamarin,South America,Bolivia,0.51,0,30.0,1.0,0.0,0.0,0.0,0.0,0.0,0.0,3.4011973816621555,-0.6733445532637656,0,0,1,0,0,0,0,0,1
230,Pitheciidae Plecturocebus,Red bellied Titi,South America,Paraguay,0.99,0,4.2,1.0,0.0,0.0,0.0,0.0,0.0,0.0,1.4350845252893227,-0.01005033585350145,0,0,1,0,0,0,0,0,0
231,Cercopithecidae Cercocebus,Red capped Mangabey,North West Africa,Cameroon,7.5,2,247.4,1.0,0.0,0.0,0.0,0.0,0.0,0.0,5.511006459958388,2.0149030205422647,1,0,1,0,0,1,0,0,0
232,Lemuridae Eulemur,Red collared Brown Lemur,Madagascar,Madagascar,2.14,3,58.65,1.0,0.0,0.0,0.0,0.0,0.0,0.0,4.0715875750994845,0.7608058290337602,0,0,0,0,0,1,0,0,0
233,Pitheciidae Plecturocebus,Red crowned Titi,Central America,Ecuador,1.01,0,3.3,1.0,0.0,0.0,0.0,1.0,0.0,0.0,1.1939224684724346,0.009950330853168092,0,0,1,0,0,1,0,0,0
234,Cercopithecidae Cercopithecus,Red eared Monkey,North West Africa,Benine,3.4,2,31.5,1.0,0.0,0.0,0.0,0.0,0.0,0.0,3.449987545831587,1.2237754316221157,0,0,1,0,0,1,0,0,0
235,Atelidae Ateles,Red faced Black Spider Monkey,Central America,Surinam,8.28,2,255.0,1.0,0.0,0.0,0.0,0.0,0.0,0.0,5.541263545158426,2.1138429683971682,0,0,1,0,0,1,0,0,0
236,Lemuridae Eulemur,Red fronted Brown Lemur,Madagascar,Madagascar,2.21,1,22.06,1.0,0.0,0.0,0.0,0.0,0.0,0.0,3.0937660138253564,0.7929925155296614,0,0,0,0,0,0,0,0,0
237,Atelidae Alouatta,Red handed Howler,South America,Brazil,6.4,2,7.125,1.0,0.0,0.0,0.0,0.0,0.0,0.0,1.9636097261547143,1.8562979903656263,0,0,1,0,0,0,0,0,0
238,Cercopithecidae Pygathrix,Red shanked Douc,South East Asia,Vietnam,9.72,3,36.0,1.0,0.0,0.0,0.0,0.0,0.0,0.0,3.58351893845611,2.2741856184723477,0,0,1,0,1,0,0,0,0
239,Cercopithecidae Cercopithecus,Red tailed Monkey,East Africa,Kenya,3.24,0,22.5,1.0,0.0,0.0,0.0,0.0,0.0,0.0,3.1135153092103742,1.1755733298042381,0,0,1,0,0,1,0,0,0
240,Lepilemuridae Lepilemur,Red tailed Sportive Lemur,Madagascar,Madagascar,0.75,2,0.8,1.0,0.0,0.0,0.0,0.0,0.0,0.0,-0.2231435513142097,-0.2876820724517809,0,0,0,1,1,0,0,0,0
241,Cercopithecidae Macaca,Rhesus Macaque,South East Asia,India,5.96,0,47.75,1.0,1.0,1.0,0.0,0.0,0.0,0.0,3.865979066926739,1.7850704810772584,1,0,1,0,0,1,0,0,0
242,Lemuridae Lemur,Ring tailed Lemur,Madagascar,Madagascar,2.21,3,25.5,1.0,0.0,1.0,0.0,0.0,0.0,0.0,3.2386784521643803,0.7929925155296614,1,0,1,0,0,0,0,0,0
243,Pitheciidae Chiropotes,Rio Negro Beared Saki,South America,Brazil,2.74,0,142.0,1.0,0.0,0.0,0.0,0.0,0.0,0.0,4.955827057601261,1.007957920399979,0,0,1,0,0,1,0,0,0
244,Cercopithecidae Cercopithecus,Roloway Monkey,North West Africa,CÃ´te dÂIvoire,4.55,3,189.0,1.0,0.0,0.0,0.0,0.0,0.0,0.0,5.241747015059643,1.5151272329628591,0,0,1,0,0,0,0,0,1
245,Lemuridae Eulemur,Rufous Brown Lemur,Madagascar,Madagascar,2.01,2,97.5,1.0,0.0,0.0,0.0,0.0,0.0,0.0,4.579852378003801,0.6981347220709843,0,0,0,0,0,1,0,0,0
246,Cheirogaleidae Microcebus,Rufous Mouse Lemur,Madagascar,Madagascar,0.04,2,1.0,1.0,0.0,0.0,0.0,0.0,0.0,0.0,0.0,-3.2188758248682006,0,0,0,1,0,0,0,0,1
247,Cercopithecidae Presbytis,Sabah Grizzled Langur,South East Asia,Malaysia,5.9,3,90.9,1.0,0.0,0.0,0.0,0.0,0.0,0.0,4.509760001183433,1.7749523509116738,0,0,1,0,0,0,0,0,0
248,Lepilemuridae Lepilemur,Sahafary Sportive Lemur,Madagascar,Madagascar,0.675,4,1.0,1.0,0.0,0.0,0.0,0.0,0.0,0.0,0.0,-0.3930425881096072,0,0,0,1,1,0,0,0,0
249,Lepilemuridae Lepilemur,Sahamalaza Sportive Lemur,Madagascar,Madagascar,0.69,4,0.84,1.0,0.0,0.0,0.0,0.0,0.0,0.0,-0.1743533871447778,-0.37106368139083207,0,0,0,1,1,0,0,0,0
250,Cheirogaleidae Microcebus,Sambirano Mouse Lemur,Madagascar,Madagascar,0.04,3,1.2,1.0,0.0,0.0,0.0,0.0,0.0,0.0,0.1823215567939546,-3.2188758248682006,0,0,0,1,0,0,0,0,1
251,Lemuridae Eulemur,Sanford s Brown Lemur,Madagascar,Madagascar,1.85,3,14.0,1.0,0.0,0.0,0.0,0.0,0.0,0.0,2.6390573296152584,0.6151856390902335,0,0,0,0,0,1,0,0,0
252,Cercopithecidae Cercocebus,Sanje River Mangabey,North West Africa,CÃ´te dÂIvoire,8.05,3,240.0,1.0,0.0,0.0,0.0,0.0,0.0,0.0,5.480638923341991,2.0856720914304723,1,0,1,0,0,1,0,0,0
253,Cercopithecidae Cercopithecus,Sclater s Monkey,North West Africa,CÃ´te dÂIvoire,3.25,2,25.0,1.0,0.0,1.0,0.0,0.0,0.0,0.0,3.2188758248682006,1.1786549963416462,0,0,1,0,0,1,0,0,0
254,Tarsiidae Tarsius,Selayar Tarsier,South East Asia,Indonesia,0.122,2,1.0,1.0,0.0,0.0,0.0,0.0,0.0,0.0,0.0,-2.1037342342488805,0,0,0,1,0,0,0,1,0
255,Cebidae Cebus,Shock headed Capuchin,South America,Colombia,2.85,1,150.0,1.0,0.0,0.0,0.0,1.0,0.0,0.0,5.0106352940962555,1.0473189942805592,0,0,1,0,0,0,0,0,1
256,Hylobatidae Symphalangus,Siamang,South East Asia,Sumatra,11.3,3,17.3,1.0,0.0,0.0,0.0,0.0,0.0,0.0,2.8507065015037334,2.424802725718295,0,0,1,0,0,0,0,0,0
257,Cercopithecidae Presbytis,Siberut Langur,South East Asia,Malaysia,6.45,3,16.75,1.0,0.0,0.0,0.0,1.0,0.0,0.0,2.8183982582710754,1.864080130807681,0,0,1,0,0,0,0,0,0
258,Cercopithecidae Macaca,Siberut Macaque,South East Asia,Indonesia,6.38,2,125.0,1.0,0.0,0.0,0.0,0.0,0.0,0.0,4.8283137373023015,1.8531680973566984,1,0,1,0,0,1,0,0,0
259,Indriidae Propithecus,Silky Sifaka,Madagascar,Madagascar,6.1,4,38.85,1.0,0.0,0.0,0.0,0.0,0.0,0.0,3.6597080768136565,1.8082887711792655,0,0,1,0,0,0,0,0,0
260,Cercopithecidae Trachypithecus,Silvered Langur,South East Asia,Malaysia,6.25,1,43.0,1.0,0.0,0.0,0.0,0.0,0.0,0.0,3.7612001156935624,1.8325814637483102,0,0,1,0,1,0,0,0,0
261,Callitrichidae Mico,Silvery Marmoset,South America,Brazil,0.35,0,10.5,1.0,1.0,0.0,0.0,0.0,0.0,0.0,2.3513752571634776,-1.0498221244986778,0,0,1,0,0,0,0,0,1
262,Lepilemuridae Lepilemur,Small toothed Sportive Lemur,Madagascar,Madagascar,0.97,3,0.5,1.0,0.0,0.0,0.0,0.0,0.0,0.0,-0.6931471805599453,-0.030459207484708574,0,0,0,1,0,0,0,0,0
263,Galagidae Galago,Somali Lesser Galago,East Africa,Somalia,0.2,0,2.0,0.0,1.0,0.0,0.0,0.0,0.0,0.0,0.6931471805599453,-1.6094379124341003,0,0,0,1,0,0,0,0,1
264,Cercopithecidae Cercocebus,Sooty Mangabey,North West Africa,CÃ´te dÂIvoire,8.6,1,500.0,1.0,1.0,0.0,0.0,0.0,0.0,0.0,6.214608098422191,2.151762203259462,0,1,1,0,0,1,0,0,0
265,Pitheciidae Callicebus,Southern Bahian Titi,South America,Brazil,1.37,2,22.0,1.0,0.0,0.0,0.0,0.0,0.0,0.0,3.091042453358316,0.3148107398400336,0,0,1,0,0,1,0,0,0
266,Lemuridae Hapalemur,Southern Bamboo Lemur,Madagascar,Madagascar,1.07,2,13.27,1.0,0.0,0.0,0.0,0.0,0.0,0.0,2.5855058483441162,0.06765864847381486,0,0,0,0,1,0,0,0,0
267,Galagidae Galago,Southern Lesser Galago,Madagascar,Madagascar,0.2,0,2.8,0.0,1.0,0.0,0.0,0.0,0.0,0.0,1.0296194171811581,-1.6094379124341003,0,0,0,1,0,0,0,0,1
268,Atelidae Brachyteles,Southern Muriqui,South America,Brazil,8.84,3,340.0,1.0,0.0,0.0,0.0,0.0,0.0,0.0,5.8289456176102075,2.179286876649552,0,0,1,0,0,0,0,0,0
269,Galagidae Euoticus,Southern Needle clawed Galago,North West Africa,Cameroon,0.27,0,6.7,1.0,0.0,0.0,0.0,0.0,0.0,0.0,1.9021075263969205,-1.3093333199837622,0,0,0,1,0,0,1,0,0
270,Cercopithecidae Miopithecus,Southern Talapoin Monkey,West Africa,Angola,1.25,0,311.0,1.0,0.0,0.0,0.0,1.0,0.0,0.0,5.739792912179234,0.22314355131420976,1,0,1,0,0,0,0,0,1
271,Hylobatidae Nomascus,Southern White cheeked Crested Gibbon,South East Asia,Laos,7.25,3,36.42,1.0,0.0,0.0,0.0,0.0,0.0,0.0,3.595118074299462,1.9810014688665833,0,0,1,0,0,1,0,0,0
272,Indriidae Avahi,Southern Woolly Lemur,Madagascar,Madagascar,1.15,3,5.72,1.0,0.0,0.0,0.0,0.0,0.0,0.0,1.7439688053917064,0.13976194237515863,0,0,0,1,1,0,0,0,0
273,Hylobatidae Nomascus,Southern Yellow cheeked Crested Gibbon,South East Asia,Sri Lanka,5.2,3,51.86,1.0,0.0,0.0,0.0,0.0,0.0,0.0,3.9485477801105184,1.6486586255873816,0,0,1,0,0,1,0,0,0
274,Pitheciidae Cacajao,Spix s Black headed Uacari,South America,Brazil,2.35,2,500.0,1.0,0.0,1.0,0.0,0.0,0.0,0.0,6.214608098422191,0.8544153281560676,0,0,1,0,0,1,0,0,0
275,Atelidae Alouatta,Spix s Howler,South America,Brazil,6.37,2,69.0,1.0,0.0,0.0,0.0,0.0,0.0,0.0,4.23410650459726,1.851599469584072,0,0,1,0,0,0,0,0,0
276,Aotidae Aotus,Spix s Night Monkey,South America,Peru,0.7,0,6.3,1.0,0.0,0.0,0.0,0.0,0.0,0.0,1.840549633397487,-0.35667494393873245,0,0,0,1,0,1,0,0,0
277,Callitrichidae Leontocebus,Spix s Saddle back Tamarin,South America,Peru,0.33,0,145.0,1.0,0.0,0.0,0.0,1.0,0.0,0.0,4.976733742420574,-1.1086626245216111,0,0,0,0,0,0,0,0,1
278,Cercopithecidae Cercopithecus,Spot nosed Monkey,North West Africa,CÃ´te dÂIvoire,3.65,0,89.375,1.0,0.0,1.0,0.0,0.0,0.0,0.0,4.492841001014172,1.2947271675944,0,0,1,0,0,0,0,0,0
279,Cercopithecidae Rhinopithecus,Stryker s Snub nosed Monkey,East Asia,China,11.25,4,2290.0,1.0,0.0,0.0,0.0,0.0,0.0,0.0,7.736307096548285,2.4203681286504293,1,0,1,0,1,0,0,0,0
280,Cercopithecidae Macaca,Stump tailed Macaque,South East Asia,India,10.3,2,461.5,1.0,0.0,0.0,0.0,0.0,0.0,0.0,6.134482053942907,2.33214389523559,1,0,1,0,0,0,0,0,0
281,Tarsiidae Tarsius,Sulawesi Mountain Tarsier,South East Asia,Indonesia,0.051,3,1.2,1.0,0.0,0.0,0.0,0.0,0.0,0.0,0.1823215567939546,-2.9759296462578115,0,0,0,1,0,0,0,1,0
282,Hominidae Pongo,Sumatran Orangutan,South East Asia,Sumatra,56.75,4,277.0,1.0,0.0,0.0,0.0,0.0,0.0,0.0,5.6240175061873385,4.038655656361512,0,0,1,0,0,1,0,0,0
283,Cercopithecidae Macaca,Sunda Pig tailed Macaque,South East Asia,India,8.89,2,314.3,1.0,0.0,0.0,0.0,0.0,0.0,0.0,5.750347943803522,2.1849270495258133,1,0,1,0,0,1,0,0,0
284,Lorisidae Nycticebus,Sunda Slow Loris,South East Asia,Malaysia,0.65,2,6.3,1.0,0.0,0.0,0.0,0.0,0.0,0.0,1.840549633397487,-0.4307829160924542,0,0,0,1,0,0,0,0,1
285,Cercopithecidae Cercopithecus,Syke s Monkey,East Africa,Kenya,5.28,0,14.25,1.0,0.0,0.0,0.0,0.0,0.0,0.0,2.6567569067146595,1.6639260977181702,0,0,1,0,0,0,0,0,0
286,Cercopithecidae Macaca,Taiwanese Macaque,East Asia,China,5.47,0,120.0,1.0,0.0,0.0,0.0,0.0,0.0,0.0,4.787491742782046,1.6992786164338898,1,0,1,0,0,0,0,0,0
287,Cercopithecidae Cercocebus,Tana River Mangabey,North West Africa,CÃ´te dÂIvoire,7.44,3,59.7,1.0,0.0,0.0,0.0,0.0,0.0,0.0,4.089332020398556,2.0068708488450007,1,0,1,0,0,1,0,0,0
288,Cercopithecidae Piliocolobus,Tana River Red Colobus,East Africa,Kenya,9.0,3,14.25,1.0,0.0,0.0,0.0,0.0,0.0,0.0,2.6567569067146595,2.1972245773362196,0,0,1,0,1,0,0,0,0
289,Cercopithecidae Chlorocebus,Tantalus Monkey,North West Africa,Nigeria,4.65,0,66.5,1.0,1.0,0.0,0.0,0.0,0.0,0.0,4.197201947661808,1.536867219599265,0,1,1,0,0,0,0,0,1
290,Galagidae Galagoides,Tanzania Coast Dwarf Galago,East Africa,Kenya,0.14,0,2.2,1.0,0.0,0.0,0.0,0.0,0.0,0.0,0.7884573603642703,-1.9661128563728327,0,0,0,1,0,0,0,0,1
291,Indriidae Propithecus,Tattersall s Sifaka,Madagascar,Madagascar,3.5,4,10.5,1.0,0.0,0.0,0.0,0.0,0.0,0.0,2.3513752571634776,1.252762968495368,0,0,1,0,0,0,0,0,0
292,Cercopithecidae Piliocolobus,Temminick s Red Colobus,North West Africa,Senegal,5.85,3,22.5,1.0,1.0,1.0,0.0,1.0,0.0,0.0,3.1135153092103742,1.766441661243765,1,0,1,0,1,0,0,0,0
293,Galagidae Otolemur,Thick tailed Greater Galago,South Africa,Zimbabwe,1.15,0,8.5,1.0,1.0,1.0,0.0,0.0,0.0,0.0,2.1400661634962708,0.13976194237515863,0,0,0,1,0,0,0,0,1
294,Galagidae Galagoides,Thomas s Dwarf Galago,East Africa,Kenya,0.12,0,1.6,1.0,0.0,0.0,0.0,0.0,0.0,0.0,0.47000362924573563,-2.120263536200091,0,0,0,1,0,0,0,0,1
295,Cercopithecidae Presbytis,Thomas s Langur,South East Asia,Malaysia,6.73,2,27.43,1.0,0.0,0.0,0.0,0.0,0.0,0.0,3.311637304949512,1.9065751436566365,0,0,1,0,0,0,0,0,0
296,Cercopithecidae Macaca,Tibetan Macaque,East Asia,China,15.55,1,1106.0,1.0,0.0,0.0,0.0,0.0,0.0,0.0,7.00850518208228,2.744060638625243,0,1,1,0,0,1,0,0,0
297,Cercopithecidae Macaca,Tonkean Macaque,South East Asia,Indonesia,11.95,2,104.75,1.0,0.0,0.0,0.0,0.0,0.0,0.0,4.6515765588022475,2.4807312783775197,1,0,1,0,0,1,0,0,0
298,Cercopithecidae Rhinopithecus,Tonkin Snub nosed Monkey,South East Asia,Vietnam,11.25,4,470.0,1.0,0.0,0.0,0.0,0.0,0.0,0.0,6.152732694704104,2.4203681286504293,0,0,1,0,0,0,0,0,0
299,Cercopithecidae Macaca,Toque Macaque,South East Asia,Sri Lanka,4.48,3,66.0,1.0,0.0,0.0,0.0,0.0,0.0,0.0,4.189654742026425,1.4996230464268938,0,0,1,0,0,1,0,0,0
300,Cercopithecidae Piliocolobus,Udzungwa Red Colobus,East Africa,Tanzania,7.05,3,17.53,1.0,0.0,0.0,0.0,1.0,0.0,0.0,2.863913698933143,1.9530276168241774,0,0,1,0,0,0,0,0,0
301,Cercopithecidae Lophocebus,Ugandan Crested Mangabey,Central Africa,Uganda,6.5,5,155.0,1.0,0.0,0.0,0.0,0.0,0.0,0.0,5.043425116919247,1.8718021769015913,0,0,1,0,0,0,0,0,0
302,Cercopithecidae Piliocolobus,Upper Guinea Red Colobus,North West Africa,Sierra Leone,8.25,3,58.0,1.0,0.0,0.0,0.0,0.0,0.0,0.0,4.060443010546419,2.1102132003465894,0,0,1,0,0,0,0,0,0
303,Atelidae Alouatta,Ursine Red Howler,South America,Brazil,6.37,0,7.52,1.0,1.0,0.0,0.0,0.0,0.0,0.0,2.017566137961748,1.851599469584072,0,0,1,0,1,0,0,0,0
304,Pitheciidae Chiropotes,Uta Hick s Bearded Saki,South America,Brazil,3.0,3,100.0,1.0,0.0,0.0,0.0,0.0,0.0,0.0,4.605170185988092,1.0986122886681098,0,0,1,0,0,1,0,0,0
305,Atelidae Ateles,Variegated Spider Monkey,South America,Colombia,8.6,4,40.0,1.0,0.0,0.0,0.0,0.0,0.0,0.0,3.6888794541139363,2.151762203259462,0,0,1,0,0,0,0,0,0
306,Indriidae Propithecus,Verreaux s Sifaka,Madagascar,Madagascar,2.91,3,7.0,1.0,0.0,1.0,0.0,0.0,0.0,0.0,1.9459101490553132,1.0681530811834012,0,0,1,0,0,0,0,0,0
307,Cercopithecidae Chlorocebus,Vervet Monkey,South Africa,South Africa,3.63,0,25.0,1.0,1.0,1.0,0.0,0.0,0.0,0.0,3.2188758248682006,1.2892326482767593,0,1,1,0,0,0,0,0,1
308,Cercopithecidae Cercopithecus,Virungas Golden Monkey,West Africa,Congo,6.2,3,67.0,1.0,0.0,0.0,0.0,0.0,0.0,0.0,4.204692619390966,1.824549292051046,0,0,1,0,1,0,0,0,0
309,Lepilemuridae Lepilemur,Weasel Sportive Lemur,Madagascar,Madagascar,1.0,1,0.3,1.0,0.0,0.0,0.0,0.0,0.0,0.0,-1.2039728043259361,0.0,0,0,0,1,1,0,0,0,0
310,Lorisidae Perodicticus,West African Potto,West Africa,Gabon,0.83,0,7.5,1.0,0.0,0.0,0.0,0.0,0.0,0.0,2.0149030205422647,-0.18632957819149348,0,0,0,1,0,1,0,0,0
311,Hylobatidae Nomascus,Western Black Crested Gibbon,South East Asia,India,7.69,4,87.0,1.0,0.0,0.0,0.0,0.0,0.0,0.0,4.465908118654584,2.0399207835175526,0,0,1,0,0,0,0,0,0
312,Callitrichidae Saguinus,Western Black handed Tamarin,South America,Brazil,0.43,2,32.5,1.0,0.0,0.0,0.0,0.0,0.0,0.0,3.481240089335692,-0.843970070294529,0,0,1,0,0,1,0,0,0
313,Hominidae Gorilla,Western Gorilla,West Africa,Angola,122.5,4,1100.0,1.0,0.0,0.0,0.0,0.0,0.0,0.0,7.003065458786462,4.808111029984782,1,0,1,0,0,0,0,0,0
314,Hylobatidae Hoolock,Western Hoolock Gibbon,South East Asia,India,6.88,3,22.5,1.0,0.0,0.0,0.0,0.0,0.0,0.0,3.1135153092103742,1.9286186519452522,0,0,1,0,0,1,0,0,0
315,Tarsiidae Cephalopachus,Western Tarsier,South East Asia,Borneo,0.12,2,1.5,1.0,0.0,0.0,0.0,0.0,0.0,0.0,0.4054651081081644,-2.120263536200091,0,0,0,1,0,0,0,1,0
316,Indriidae Avahi,Western Woolly Lemur,Madagascar,Madagascar,0.8,3,0.95,1.0,0.0,0.0,0.0,0.0,0.0,0.0,-0.05129329438755058,-0.2231435513142097,0,0,0,1,1,0,0,0,0
317,Atelidae Ateles,White bellied Spider Monkey,Central America,Ecuador,8.07,3,269.9166666666667,1.0,0.0,0.0,0.0,0.0,0.0,0.0,5.598113269383329,2.0881534822818573,0,0,1,0,0,1,0,0,0
318,Pitheciidae Cheracebus,White chested Titi,South America,Colombia,1.37,0,14.2,1.0,0.0,0.0,0.0,0.0,0.0,0.0,2.653241964607215,0.3148107398400336,0,0,1,0,0,1,0,0,0
319,Lemuridae Eulemur,White collared Brown Lemur,Madagascar,Madagascar,2.16,4,56.65,1.0,0.0,0.0,0.0,0.0,0.0,0.0,4.036891987474015,0.7701082216960737,0,0,0,0,0,1,0,0,0
320,Pitheciidae Cheracebus,White collared Titi,South America,Peru,1.25,0,20.0,1.0,0.0,0.0,0.0,0.0,0.0,0.0,2.995732273553991,0.22314355131420976,0,0,1,0,0,1,0,0,0
321,Pitheciidae Plecturocebus,White eared Titi,Central America,Ecuador,0.95,0,100.0,1.0,1.0,0.0,0.0,1.0,0.0,0.0,4.605170185988092,-0.05129329438755058,0,0,1,0,0,1,0,0,0
322,Pitheciidae Pithecia,White faced saki,Central America,Surinam,1.76,0,12.5,1.0,0.0,0.0,0.0,1.0,0.0,0.0,2.5257286443082556,0.5653138090500605,0,0,1,0,0,1,0,0,0
323,Lepilemuridae Lepilemur,White footed Sportive Lemur,Madagascar,Madagascar,0.61,3,0.5,1.0,0.0,0.0,0.0,0.0,0.0,0.0,-0.6931471805599453,-0.4942963218147801,0,0,0,1,1,0,0,0,0
324,Callitrichidae Saguinus,White footed Tamarin,South America,Colombia,0.49,3,9.22,1.0,0.0,0.0,0.0,0.0,0.0,0.0,2.2213750375685026,-0.7133498878774648,0,0,1,0,0,1,0,0,0
325,Lemuridae Eulemur,White fronted Brown Lemur,Madagascar,Madagascar,2.18,3,13.1,1.0,0.0,0.0,0.0,0.0,0.0,0.0,2.5726122302071057,0.7793248768009977,0,0,0,0,0,1,0,0,0
326,Cercopithecidae Presbytis,White fronted Langur,South East Asia,Indonesia,5.61,2,200.0,1.0,0.0,0.0,0.0,0.0,0.0,0.0,5.298317366548036,1.724550719534605,0,0,1,0,1,0,0,0,0
327,Cercopithecidae Trachypithecus,White headed Langur,East Asia,China,8.285,4,29.1,1.0,0.0,1.0,0.0,0.0,0.0,0.0,3.370738174177447,2.1144466508785262,1,0,1,0,1,0,0,0,0
328,Cercopithecidae Cercocebus,White naped Mangabey,North West Africa,CÃ´te dÂIvoire,7.28,3,200.0,1.0,0.0,0.0,0.0,0.0,0.0,0.0,5.298317366548036,1.9851308622085946,0,1,1,0,0,1,0,0,0
329,Pitheciidae Chiropotes,White nosed Bearded Saki,South America,Brazil,2.82,3,210.0,1.0,0.0,0.0,0.0,0.0,0.0,0.0,5.3471075307174685,1.0367368849500223,0,0,1,0,0,1,0,0,0
330,Cercopithecidae Colobus,White thighed Colobus,North West Africa,Ghana,7.68,2,48.0,1.0,1.0,0.0,0.0,0.0,0.0,0.0,3.871201010907891,2.038619547159581,0,0,1,0,1,0,0,0,0
331,Callitrichidae Callithrix,Wied s Black tufted ear Marmoset,South America,Brazil,0.38,1,38.9,1.0,0.0,0.0,0.0,0.0,0.0,0.0,3.6609942506244004,-0.9675840262617056,0,0,1,0,0,0,0,0,1
332,Cercopithecidae Papio,Yellow Baboon,South Africa,Zimbabwe,17.05,0,900.0,1.0,1.0,0.0,0.0,0.0,0.0,0.0,6.802394763324311,2.8361502037295256,0,1,1,0,0,0,0,0,1
333,Cebidae Sapajus,Yellow breasted Capuchin,South America,Brazil,2.875,4,969.0,1.0,0.0,0.0,0.0,0.0,0.0,0.0,6.876264611890766,1.0560526742493137,0,0,1,0,0,0,0,0,1
334,Pitheciidae Cheracebus,Yellow handed Titi,South America,Colombia,1.5,0,20.0,1.0,0.0,0.0,0.0,1.0,0.0,0.0,2.995732273553991,0.4054651081081644,0,0,1,0,0,1,0,0,0
335,Cercopithecidae Rhinopithecus,Yunnan Snub nosed Monkey,East Asia,China,12.48,3,2525.0,1.0,0.0,0.0,0.0,0.0,0.0,0.0,7.83399634170946,2.5241273629412815,1,0,1,0,1,0,0,0,0
336,Cercopithecidae Piliocolobus,Zanzibar Red Colobus,East Africa,Tanzania,6.9,3,19.0,1.0,0.0,1.0,0.0,1.0,0.0,0.0,2.9444389791664403,1.9315214116032138,0,0,1,0,0,0,0,0,0
